date,line_revenue,labor_hours,revenue_per_labor_hour
2025-01-01,319.0,66.45,4.800601956358164
2025-01-02,326.0,70.97,4.593490207129773
2025-01-03,605.0,67.87,8.914100486223662
2025-01-04,449.0,83.65,5.367603108188882
2025-01-05,381.0,84.53,4.507275523482787
2025-01-06,358.5,65.34,5.486685032139578
2025-01-07,439.5,65.59,6.700716572648269
2025-01-08,475.5,67.48,7.046532305868405
2025-01-09,209.5,66.41,3.1546453847312153
2025-01-10,357.5,64.75,5.521235521235521
2025-01-11,404.5,82.05,4.929920780012188
2025-01-12,278.0,82.82,3.3566771311277472
2025-01-13,361.0,66.59,5.42123441958252
2025-01-14,459.0,68.3,6.720351390922401
2025-01-15,325.5,66.39,4.9028468142792585
2025-01-16,482.0,69.23,6.962299581106456
2025-01-17,496.0,66.42,7.467630231857874
2025-01-18,436.0,82.35,5.294474802671524
2025-01-19,261.5,81.06,3.2260054280779666
2025-01-20,341.0,67.93,5.019873399087295
2025-01-21,206.0,64.38,3.199751475613545
2025-01-22,180.5,65.52,2.754884004884005
2025-01-23,280.0,67.65,4.138950480413895
2025-01-24,272.5,68.06,4.0038201586835145
2025-01-25,437.0,78.52,5.565461029037189
2025-01-26,464.5,83.46000000000001,5.56554037862449
2025-01-27,203.0,67.08,3.02623732856291
2025-01-28,283.0,67.04,4.221360381861575
2025-01-29,498.5,65.46,7.61533761075466
2025-01-30,273.0,68.34,3.9947322212467076
2025-01-31,127.0,68.77,1.8467354951286898
2025-02-01,283.5,82.45,3.43844754396604
2025-02-02,313.0,81.53,3.8390776401324667
2025-02-03,180.0,66.48,2.707581227436823
2025-02-04,313.5,64.47,4.862726849697534
2025-02-05,300.5,64.81,4.636630149668261
2025-02-06,298.5,67.98,4.3909973521624
2025-02-07,300.0,67.32000000000001,4.45632798573975
2025-02-08,319.0,81.16,3.9305076392311484
2025-02-09,256.5,83.28,3.079971181556196
2025-02-10,401.0,66.5,6.030075187969925
2025-02-11,249.0,68.85,3.616557734204793
2025-02-12,262.0,66.17,3.9594982620522896
2025-02-13,399.5,67.49,5.919395465994962
2025-02-14,452.0,67.11,6.73521084786172
2025-02-15,353.5,83.42,4.237592903380484
2025-02-16,217.0,83.47,2.5997364322511083
2025-02-17,364.0,66.49,5.474507444728531
2025-02-18,196.0,66.49,2.9478117010076708
2025-02-19,237.0,67.55,3.508512213175426
2025-02-20,307.0,68.08,4.5094007050528795
2025-02-21,281.5,68.46000000000001,4.111890154834939
2025-02-22,149.5,80.36,1.8603782976605276
2025-02-23,233.0,81.68,2.8525954946131242
2025-02-24,328.0,67.03999999999999,4.892601431980908
2025-02-25,390.5,68.55,5.696571845368345
2025-02-26,367.0,68.17999999999999,5.382810208272221
2025-02-27,296.0,64.59,4.582752748103421
2025-02-28,399.0,68.53,5.822267620020429
2025-03-01,335.0,79.50999999999999,4.213306502326752
2025-03-02,367.0,81.56,4.499754781755763
2025-03-03,388.5,67.51,5.754703006961931
2025-03-04,310.0,64.96000000000001,4.772167487684729
2025-03-05,395.5,68.77,5.751054238766905
2025-03-06,186.0,67.31,2.7633338285544493
2025-03-07,276.5,65.6,4.214939024390245
2025-03-08,170.0,81.28,2.091535433070866
2025-03-09,283.5,82.35,3.4426229508196724
2025-03-10,243.0,66.57,3.650292924740875
2025-03-11,296.5,67.92999999999999,4.364787281024585
2025-03-12,277.0,67.36,4.112232779097387
2025-03-13,312.0,66.96,4.659498207885305
2025-03-14,340.5,68.0,5.007352941176471
2025-03-15,248.5,82.75,3.003021148036254
2025-03-16,269.5,80.19,3.3607681755829906
2025-03-17,250.0,67.96000000000001,3.678634490876986
2025-03-18,314.5,70.32,4.472411831626849
2025-03-19,231.0,67.51,3.421715301436824
2025-03-20,309.0,64.54,4.787728540440037
2025-03-21,211.5,67.25,3.1449814126394053
2025-03-22,360.5,82.93,4.34703967201254
2025-03-23,194.5,83.38,2.3326936915327416
2025-03-24,221.0,67.3,3.283803863298663
2025-03-25,359.5,69.56,5.168200115008625
2025-03-26,402.0,68.86,5.837932036015103
2025-03-27,300.0,68.16,4.401408450704226
2025-03-28,388.0,66.35,5.84777694046722
2025-03-29,368.0,83.63,4.400334808083224
2025-03-30,293.0,84.41,3.471152707025234
2025-03-31,240.0,67.28,3.56718192627824
2025-04-01,282.5,67.74,4.170357248302333
2025-04-02,324.0,65.4,4.954128440366972
2025-04-03,278.0,68.71,4.0459903944112945
2025-04-04,446.0,69.0,6.463768115942029
2025-04-05,299.5,81.23,3.6870614305059703
2025-04-06,316.5,82.42,3.840087357437515
2025-04-07,393.0,65.69,5.982645760389709
2025-04-08,259.0,68.46000000000001,3.7832310838445804
2025-04-09,230.0,64.82,3.548287565566184
2025-04-10,275.5,63.27,4.354354354354354
2025-04-11,339.5,65.74,5.164283541223
2025-04-12,224.5,83.87,2.6767616549421724
2025-04-13,384.5,82.53,4.658911910820308
2025-04-14,194.0,68.02,2.8521023228462217
2025-04-15,431.0,66.55,6.4763335837716
2025-04-16,491.5,66.94,7.342396175679713
2025-04-17,463.5,65.58,7.067703568161025
2025-04-18,323.0,62.18,5.194596333226118
2025-04-19,262.5,81.84,3.2074780058651027
2025-04-20,323.0,84.78999999999999,3.80941148720368
2025-04-21,370.0,67.83,5.454813504349108
2025-04-22,483.0,67.27,7.1800208116545265
2025-04-23,340.5,66.24,5.140398550724638
2025-04-24,470.0,67.11,7.003427209059753
2025-04-25,458.5,62.57,7.3277928719833785
2025-04-26,280.0,79.83,3.507453338343981
2025-04-27,246.0,81.81,3.0069673634030067
2025-04-28,333.5,68.94,4.837539889759211
2025-04-29,504.5,68.28,7.388693614528412
2025-04-30,248.0,67.16,3.692674210839786
2025-05-01,501.5,67.49,7.430730478589421
2025-05-02,294.5,66.11,4.454696717591892
2025-05-03,317.5,82.74,3.837321730722746
2025-05-04,375.5,84.67,4.434864769103578
2025-05-05,396.5,69.71,5.687849662889112
2025-05-06,320.0,65.24,4.904966278356837
2025-05-07,409.0,68.62,5.960361410667444
2025-05-08,245.5,64.36,3.814481044126787
2025-05-09,472.0,66.59,7.088151374080192
2025-05-10,485.0,81.78,5.930545365615065
2025-05-11,364.5,84.06,4.336188436830835
2025-05-12,259.0,68.99,3.7541672706189306
2025-05-13,415.5,67.45,6.160118606375092
2025-05-14,275.5,68.46,4.024247735904178
2025-05-15,251.0,68.82,3.647195582679454
2025-05-16,317.0,67.33,4.708153869003416
2025-05-17,273.5,82.63,3.3099358586469805
2025-05-18,287.0,81.15,3.5366605052372146
2025-05-19,491.0,69.18,7.097427002023705
2025-05-20,361.0,66.95,5.392083644510829
2025-05-21,204.0,68.65,2.9715950473415873
2025-05-22,260.5,69.06,3.77208224732117
2025-05-23,199.5,66.25,3.0113207547169814
2025-05-24,158.5,84.34,1.879298079203225
2025-05-25,277.5,79.98,3.4696174043510877
2025-05-26,333.0,66.53,5.005260784608447
2025-05-27,311.5,65.12,4.783476658476658
2025-05-28,423.0,65.3,6.477794793261869
2025-05-29,633.0,67.4,9.391691394658753
2025-05-30,417.5,63.19,6.6070580788099385
2025-05-31,366.5,81.7,4.485924112607099
2025-06-01,234.5,80.89,2.8989986401285694
2025-06-02,387.5,64.32,6.024564676616916
2025-06-03,249.0,67.91,3.666617582093948
2025-06-04,745.0,70.19,10.614047585126087
2025-06-05,286.0,68.96,4.147331786542924
2025-06-06,272.0,66.03,4.119339694078449
2025-06-07,399.0,84.17,4.74040632054176
2025-06-08,551.0,85.76,6.42490671641791
2025-06-09,370.5,66.02,5.611935777037262
2025-06-10,316.5,66.94,4.728114729608605
2025-06-11,261.5,66.83,3.912913362262457
2025-06-12,332.0,67.72,4.90253987005316
2025-06-13,156.5,64.4,2.4301242236024843
2025-06-14,124.5,82.02,1.5179224579370887
2025-06-15,211.0,80.47999999999999,2.6217693836978135
2025-06-16,332.5,70.28,4.731075697211155
2025-06-17,426.5,68.05,6.267450404114622
2025-06-18,282.5,68.28,4.137375512595196
2025-06-19,487.0,68.11,7.150198208779915
2025-06-20,201.0,68.7,2.925764192139738
2025-06-21,452.5,83.78999999999999,5.400405776345626
2025-06-22,299.5,81.33,3.682527972457888
2025-06-23,272.5,69.5,3.920863309352518
2025-06-24,349.0,66.31,5.263157894736842
2025-06-25,459.0,67.36,6.814133016627078
2025-06-26,450.5,67.49,6.675062972292192
2025-06-27,272.5,67.69,4.025705421775743
2025-06-28,274.5,81.81,3.3553355335533555
2025-06-29,373.0,83.09,4.489108195932122
2025-06-30,358.5,68.31,5.248133509003074
2025-07-01,282.5,66.21,4.266727080501435
2025-07-02,234.5,68.9,3.4034833091436862
2025-07-03,546.5,65.6,8.33079268292683
2025-07-04,344.0,65.78,5.229553055640012
2025-07-05,490.0,80.88,6.05835806132542
2025-07-06,342.5,80.76,4.240960871718673
2025-07-07,424.5,65.09,6.521739130434782
2025-07-08,423.0,66.39,6.371441482150926
2025-07-09,322.5,64.54,4.996901146575767
2025-07-10,375.0,67.84,5.527712264150943
2025-07-11,357.0,67.21000000000001,5.311709567028715
2025-07-12,401.5,81.88,4.9035173424523695
2025-07-13,389.0,80.64,4.82390873015873
2025-07-14,409.0,66.5,6.150375939849624
2025-07-15,348.5,66.1,5.2723146747352505
2025-07-16,247.5,63.89,3.8738456722491783
2025-07-17,303.0,67.79,4.46968579436495
2025-07-18,232.5,65.24,3.563764561618639
2025-07-19,265.5,84.35,3.147599288678127
2025-07-20,279.0,82.18,3.3949866147481136
2025-07-21,360.0,66.87,5.383580080753701
2025-07-22,434.0,66.67,6.5096745162741865
2025-07-23,293.5,64.68,4.537724180581323
2025-07-24,347.0,66.76,5.197723187537447
2025-07-25,319.5,66.98,4.770080621080919
2025-07-26,266.5,81.97,3.251189459558375
2025-07-27,283.0,80.35,3.522090852520224
2025-07-28,328.5,65.81,4.991642607506458
2025-07-29,366.5,66.11,5.5437906519437306
2025-07-30,370.0,67.08,5.515802027429935
2025-07-31,204.5,68.44,2.98801870251315
2025-08-01,301.0,65.34,4.60667278849097
2025-08-02,279.0,83.59,3.337719822945328
2025-08-03,256.0,84.08,3.0447193149381544
2025-08-04,321.5,70.01,4.592201114126553
2025-08-05,192.5,64.78999999999999,2.971137521222411
2025-08-06,453.5,65.48,6.925778863775198
2025-08-07,360.5,64.51,5.588280886684235
2025-08-08,373.0,68.02,5.483681270214643
2025-08-09,360.5,82.46000000000001,4.3718166383701185
2025-08-10,349.0,77.36,4.511375387797312
2025-08-11,363.0,67.52,5.376184834123223
2025-08-12,355.5,64.15,5.54169914263445
2025-08-13,355.0,65.13,5.4506371871641335
2025-08-14,248.5,68.59,3.6229771103659423
2025-08-15,295.5,69.23,4.268380759786219
2025-08-16,494.0,81.91,6.031009644732023
2025-08-17,409.0,83.38,4.905253058287359
2025-08-18,393.0,67.57000000000001,5.816190617137782
2025-08-19,427.5,65.9,6.48710166919575
2025-08-20,313.0,66.32,4.719541616405308
2025-08-21,183.5,65.65,2.795125666412795
2025-08-22,283.5,63.86,4.439398684622612
2025-08-23,320.5,83.5,3.838323353293413
2025-08-24,239.0,80.4,2.972636815920398
2025-08-25,455.5,64.73,7.0369226015757755
2025-08-26,347.0,64.21000000000001,5.404142656907023
2025-08-27,442.5,68.5,6.45985401459854
2025-08-28,455.0,65.85,6.909643128321944
2025-08-29,454.0,67.9,6.6863033873343145
2025-08-30,435.0,81.82,5.316548521143975
2025-08-31,216.5,80.93,2.6751513653774865
2025-09-01,315.0,67.6,4.659763313609468
2025-09-02,140.0,68.47,2.0446911055936905
2025-09-03,256.0,68.54,3.7350452290633203
2025-09-04,656.5,65.05,10.092236740968486
2025-09-05,292.5,70.61,4.142472737572581
2025-09-06,448.5,82.21,5.4555406884807205
2025-09-07,514.0,83.68,6.142447418738049
2025-09-08,265.5,65.21000000000001,4.07146143229566
2025-09-09,299.5,66.63,4.494972234729102
2025-09-10,494.5,65.86,7.50835104767689
2025-09-11,254.5,66.26,3.840929670993057
2025-09-12,295.5,67.03999999999999,4.407816229116945
2025-09-13,604.0,82.11,7.355985872609914
2025-09-14,327.0,84.13,3.886841792464044
2025-09-15,288.5,65.52,4.403235653235654
2025-09-16,346.5,66.91,5.178598116873412
2025-09-17,214.0,67.36,3.176959619952494
2025-09-18,329.5,68.33,4.822186448119421
2025-09-19,286.0,64.83,4.411537868270862
2025-09-20,543.0,81.6,6.654411764705883
2025-09-21,353.0,84.33,4.185936203011977
2025-09-22,342.0,67.13,5.094592581558171
2025-09-23,434.5,66.87,6.497682069687452
2025-09-24,463.0,67.98,6.810826713739335
2025-09-25,279.5,67.53,4.138901229083371
2025-09-26,306.5,65.71,4.664434637041547
2025-09-27,170.5,82.14,2.07572437302167
2025-09-28,521.0,79.21000000000001,6.577452341876025
2025-09-29,234.5,64.87,3.6149221519963
2025-09-30,291.5,66.36,4.392706449668475
2025-10-01,281.0,65.44,4.2940097799511
2025-10-02,344.0,66.7,5.157421289355322
2025-10-03,337.5,67.39,5.008161448286096
2025-10-04,392.0,82.11,4.774083546462063
2025-10-05,230.5,82.35,2.799028536733455
2025-10-06,326.5,68.89,4.73943968645667
2025-10-07,453.5,66.57,6.812377948024636
2025-10-08,353.5,66.08,5.349576271186441
2025-10-09,252.0,66.05,3.8152914458743377
2025-10-10,244.5,70.19,3.4834021940447357
2025-10-11,184.5,80.54,2.290787186491184
2025-10-12,263.0,82.32000000000001,3.194849368318756
2025-10-13,418.5,67.93,6.160753717061681
2025-10-14,550.5,66.1,8.328290468986385
2025-10-15,197.5,66.65,2.9632408102025503
2025-10-16,383.5,67.62,5.67139899438036
2025-10-17,381.0,66.08,5.7657384987893465
2025-10-18,258.5,82.44,3.1356137797185832
2025-10-19,368.5,82.25,4.480243161094225
2025-10-20,380.0,66.4,5.7228915662650595
2025-10-21,280.0,66.81,4.190989372848376
2025-10-22,359.5,65.95,5.451099317664897
2025-10-23,293.5,66.64,4.404261704681873
2025-10-24,349.0,68.39,5.10308524638105
2025-10-25,326.0,82.55,3.949121744397335
2025-10-26,404.0,82.53,4.895189628014055
2025-10-27,281.5,66.93,4.205886747347975
2025-10-28,517.5,66.9,7.735426008968609
2025-10-29,368.0,66.07,5.569850158922356
2025-10-30,365.5,65.99,5.538717987573875
2025-10-31,602.0,67.6,8.905325443786984
2025-11-01,273.5,82.25,3.325227963525836
2025-11-02,265.5,80.23,3.3092359466533714
2025-11-03,417.5,67.9,6.148748159057437
2025-11-04,442.5,67.66,6.540053207212534
2025-11-05,204.0,67.1,3.040238450074516
2025-11-06,205.0,67.95,3.016924208977189
2025-11-07,436.0,66.33,6.573194632896126
2025-11-08,322.5,84.75,3.8053097345132745
2025-11-09,407.0,81.7,4.981640146878825
2025-11-10,467.0,65.11,7.172477346029796
2025-11-11,387.0,67.56,5.728241563055062
2025-11-12,286.0,66.72,4.286570743405276
2025-11-13,403.0,65.18,6.1828781834918685
2025-11-14,159.0,66.28999999999999,2.3985518177704033
2025-11-15,247.5,81.65,3.0312308634415186
2025-11-16,387.0,80.78999999999999,4.790196806535463
2025-11-17,389.0,66.1,5.885022692889562
2025-11-18,191.0,68.32,2.795667447306792
2025-11-19,290.5,66.67,4.357282135893205
2025-11-20,422.0,66.58,6.338239711625113
2025-11-21,272.0,66.58,4.0853109041754285
2025-11-22,563.0,81.05,6.946329426280074
2025-11-23,359.0,78.59,4.568011197353353
2025-11-24,326.5,68.88,4.740127758420441
2025-11-25,426.5,66.09,6.453321228627629
2025-11-26,402.0,67.02,5.998209489704566
2025-11-27,137.0,64.76,2.1155033971587396
2025-11-28,422.5,67.46,6.262970649273644
2025-11-29,603.5,82.34,7.329366043235365
2025-11-30,330.5,81.14,4.073206803056445
2025-12-01,504.0,64.98,7.756232686980609
2025-12-02,482.5,67.42999999999999,7.1555687379504676
2025-12-03,414.5,69.85,5.934144595561919
2025-12-04,384.0,67.38,5.699020480854854
2025-12-05,164.5,69.23,2.3761375126390294
2025-12-06,215.5,84.39,2.553620097167911
2025-12-07,311.5,80.16,3.885978043912176
2025-12-08,334.5,66.66,5.018001800180018
2025-12-09,456.5,65.08,7.014443761524278
2025-12-10,319.5,68.62,4.656076945496939
2025-12-11,401.0,66.53,6.027356079963926
2025-12-12,381.0,64.99,5.862440375442376
2025-12-13,202.0,82.51,2.4481880984123134
2025-12-14,171.0,81.18,2.106430155210643
2025-12-15,591.0,68.9,8.57764876632801
2025-12-16,379.0,67.66,5.601537097250961
2025-12-17,388.5,67.15,5.785554728220402
2025-12-18,216.0,64.42,3.3529959639863396
2025-12-19,325.5,68.26,4.768532083211251
2025-12-20,265.5,83.59,3.1762172508673285
2025-12-21,154.0,82.4,1.8689320388349513
2025-12-22,227.0,65.83,3.4482758620689657
2025-12-23,272.5,65.45,4.163483575248281
2025-12-24,247.5,66.68,3.7117576484703054
2025-12-25,436.0,67.35,6.473645137342243
2025-12-26,263.0,68.56,3.836056009334889
2025-12-27,337.5,85.05,3.9682539682539684
2025-12-28,388.0,84.5,4.591715976331361
2025-12-29,274.0,68.71000000000001,3.987774705283073
2025-12-30,255.5,65.89,3.8776749127333434
2025-12-31,289.0,67.53,4.279579446172072
