timestamp,orders,predicted_orders,baseline_orders
2025-10-21 14:00:00,3,1.3546193829862572,0.0
2025-10-21 15:00:00,0,0.0,0.0
2025-10-21 16:00:00,0,0.0,0.0
2025-10-21 17:00:00,1,2.6968270549351456,3.0
2025-10-21 18:00:00,4,2.6384714238753992,1.0
2025-10-21 19:00:00,2,2.639850954181022,4.0
2025-10-21 20:00:00,3,2.5854089804580673,2.0
2025-10-21 21:00:00,0,1.556074043676302,1.0
2025-10-22 11:00:00,0,0.7428425615445277,0.0
2025-10-22 12:00:00,1,1.438328492082568,1.0
2025-10-22 13:00:00,1,1.4364109767283852,0.0
2025-10-22 14:00:00,1,0.8100020035307893,3.0
2025-10-22 15:00:00,0,0.0,0.0
2025-10-22 16:00:00,0,0.0,0.0
2025-10-22 17:00:00,3,2.3626626214667774,1.0
2025-10-22 18:00:00,3,2.279560566060248,4.0
2025-10-22 19:00:00,3,2.3649527480519414,2.0
2025-10-22 20:00:00,2,2.011626877752494,3.0
2025-10-22 21:00:00,2,1.4817224733999164,0.0
2025-10-23 11:00:00,1,0.7530475502716087,0.0
2025-10-23 12:00:00,0,1.7044373087190043,1.0
2025-10-23 13:00:00,0,1.4125986334559884,1.0
2025-10-23 14:00:00,2,0.8622388760139947,1.0
2025-10-23 15:00:00,0,0.0,0.0
2025-10-23 16:00:00,0,0.0,0.0
2025-10-23 17:00:00,2,2.3307474554828898,3.0
2025-10-23 18:00:00,5,2.3338789363408208,3.0
2025-10-23 19:00:00,2,2.065255077808776,3.0
2025-10-23 20:00:00,1,2.3834037751265758,2.0
2025-10-23 21:00:00,1,0.9542874626674024,2.0
2025-10-24 11:00:00,2,0.8043088400801399,1.0
2025-10-24 12:00:00,1,1.6988435259588932,0.0
2025-10-24 13:00:00,1,1.4202108501799007,0.0
2025-10-24 14:00:00,1,0.6722125503226721,2.0
2025-10-24 15:00:00,0,0.0,0.0
2025-10-24 16:00:00,0,0.0,0.0
2025-10-24 17:00:00,1,2.1047680615699873,2.0
2025-10-24 18:00:00,2,2.7400339001230067,5.0
2025-10-24 19:00:00,5,2.646490854803759,2.0
2025-10-24 20:00:00,0,2.091225333702504,1.0
2025-10-24 21:00:00,5,1.144940463289572,1.0
2025-10-25 11:00:00,2,0.8246964229600742,2.0
2025-10-25 12:00:00,0,1.7622195371906548,1.0
2025-10-25 13:00:00,4,1.5372598852647017,1.0
2025-10-25 14:00:00,0,0.9197036182523891,1.0
2025-10-25 15:00:00,0,0.0,0.0
2025-10-25 16:00:00,0,0.0,0.0
2025-10-25 17:00:00,2,2.531275827198819,1.0
2025-10-25 18:00:00,3,2.758001461281188,2.0
2025-10-25 19:00:00,2,3.033190366221137,5.0
2025-10-25 20:00:00,3,2.7830498287763805,0.0
2025-10-25 21:00:00,0,1.1287139735264733,5.0
2025-10-26 11:00:00,1,0.6923472821038611,2.0
2025-10-26 12:00:00,3,1.4464920968453212,0.0
2025-10-26 13:00:00,2,1.4379383778132016,4.0
2025-10-26 14:00:00,0,1.1530275150084943,0.0
2025-10-26 15:00:00,0,0.0,0.0
2025-10-26 16:00:00,0,0.0,0.0
2025-10-26 17:00:00,4,2.7630622498617523,2.0
2025-10-26 18:00:00,3,2.1687414916894037,3.0
2025-10-26 19:00:00,1,2.382193190293777,2.0
2025-10-26 20:00:00,5,2.592091683873091,3.0
2025-10-26 21:00:00,2,1.8439235347985352,0.0
2025-10-27 11:00:00,3,1.078407097554821,1.0
2025-10-27 12:00:00,0,1.6719090306989381,3.0
2025-10-27 13:00:00,2,1.1917770946343063,2.0
2025-10-27 14:00:00,0,1.149115196214646,0.0
2025-10-27 15:00:00,0,0.0,0.0
2025-10-27 16:00:00,0,0.0,0.0
2025-10-27 17:00:00,5,2.229446453962674,4.0
2025-10-27 18:00:00,3,2.89735601928067,3.0
2025-10-27 19:00:00,1,2.3280781006129727,1.0
2025-10-27 20:00:00,2,4.0238865681234195,5.0
2025-10-27 21:00:00,1,1.116425853449881,2.0
2025-10-28 11:00:00,0,0.8056080744161239,3.0
2025-10-28 12:00:00,4,1.9266990264926196,0.0
2025-10-28 13:00:00,3,1.8344628611169933,2.0
2025-10-28 14:00:00,1,1.0261470439605114,0.0
2025-10-28 15:00:00,0,0.0,0.0
2025-10-28 16:00:00,0,0.0,0.0
2025-10-28 17:00:00,4,2.8150242196643114,5.0
2025-10-28 18:00:00,4,2.2403319962751285,3.0
2025-10-28 19:00:00,3,2.6148755645490542,1.0
2025-10-28 20:00:00,2,2.43918884702091,2.0
2025-10-28 21:00:00,1,1.933264880952381,1.0
2025-10-29 11:00:00,1,0.768776127305846,0.0
2025-10-29 12:00:00,1,1.4679433415151784,4.0
2025-10-29 13:00:00,1,1.4024464435871449,3.0
2025-10-29 14:00:00,1,0.7786463110092755,1.0
2025-10-29 15:00:00,0,0.0,0.0
2025-10-29 16:00:00,0,0.0,0.0
2025-10-29 17:00:00,4,2.155106158602569,4.0
2025-10-29 18:00:00,3,2.2129541346130397,4.0
2025-10-29 19:00:00,1,2.2876889270564447,3.0
2025-10-29 20:00:00,3,2.430819867731924,2.0
2025-10-29 21:00:00,1,1.3762473637685022,1.0
2025-10-30 11:00:00,0,0.4031664202026044,1.0
2025-10-30 12:00:00,1,1.980200693426128,1.0
2025-10-30 13:00:00,2,1.9405358208041654,1.0
2025-10-30 14:00:00,1,0.854478942318145,1.0
2025-10-30 15:00:00,0,0.0,0.0
2025-10-30 16:00:00,0,0.0,0.0
2025-10-30 17:00:00,3,2.742669346137672,4.0
2025-10-30 18:00:00,5,1.9909401995751805,3.0
2025-10-30 19:00:00,1,2.121556847424996,1.0
2025-10-30 20:00:00,4,2.7131603532278894,3.0
2025-10-30 21:00:00,1,0.9933968253968254,1.0
2025-10-31 11:00:00,1,0.6230667492655855,0.0
2025-10-31 12:00:00,3,2.030627207678028,1.0
2025-10-31 13:00:00,2,1.6236549067555621,2.0
2025-10-31 14:00:00,1,0.9076667369867835,1.0
2025-10-31 15:00:00,0,0.0,0.0
2025-10-31 16:00:00,0,0.0,0.0
2025-10-31 17:00:00,4,2.2854652438108176,3.0
2025-10-31 18:00:00,5,2.4549650383573045,5.0
2025-10-31 19:00:00,5,1.7569890220485715,1.0
2025-10-31 20:00:00,3,2.276890894193526,4.0
2025-10-31 21:00:00,3,0.863580586080586,1.0
2025-11-01 11:00:00,1,2.005744047619048,1.0
2025-11-01 12:00:00,1,1.5417491824060847,3.0
2025-11-01 13:00:00,2,1.4115314077890124,2.0
2025-11-01 14:00:00,0,1.2254530611493022,1.0
2025-11-01 15:00:00,0,0.0,0.0
2025-11-01 16:00:00,0,0.0,0.0
2025-11-01 17:00:00,7,2.649085797359139,4.0
2025-11-01 18:00:00,1,2.809351938038705,5.0
2025-11-01 19:00:00,4,2.799508349440214,5.0
2025-11-01 20:00:00,1,2.7251235421591753,3.0
2025-11-01 21:00:00,0,1.5638823953823953,3.0
2025-11-02 11:00:00,0,0.9446818665623418,1.0
2025-11-02 12:00:00,3,1.4594626937382413,1.0
2025-11-02 13:00:00,2,1.493835559879096,2.0
2025-11-02 14:00:00,0,1.2052288700721363,0.0
2025-11-02 15:00:00,0,0.0,0.0
2025-11-02 16:00:00,0,0.0,0.0
2025-11-02 17:00:00,1,3.036112994283173,7.0
2025-11-02 18:00:00,1,2.721174550515097,1.0
2025-11-02 19:00:00,2,2.251781362038046,4.0
2025-11-02 20:00:00,3,2.101275490146447,1.0
2025-11-02 21:00:00,0,1.1562419036044012,0.0
2025-11-03 11:00:00,1,1.0098617424242424,0.0
2025-11-03 12:00:00,0,1.5619384093341995,3.0
2025-11-03 13:00:00,3,1.6425747369462473,2.0
2025-11-03 14:00:00,1,0.6567618038129055,0.0
2025-11-03 15:00:00,0,0.0,0.0
2025-11-03 16:00:00,0,0.0,0.0
2025-11-03 17:00:00,3,2.604997616884144,1.0
2025-11-03 18:00:00,6,2.566982239491082,1.0
2025-11-03 19:00:00,1,2.3194660654540984,2.0
2025-11-03 20:00:00,3,2.153167512416517,3.0
2025-11-03 21:00:00,0,1.6353178055649722,0.0
2025-11-04 11:00:00,1,0.6837179632592814,1.0
2025-11-04 12:00:00,2,1.9424045804090506,0.0
2025-11-04 13:00:00,4,1.8404374415199605,3.0
2025-11-04 14:00:00,0,0.9033515419254918,1.0
2025-11-04 15:00:00,0,0.0,0.0
2025-11-04 16:00:00,0,0.0,0.0
2025-11-04 17:00:00,0,2.5279968955663366,3.0
2025-11-04 18:00:00,2,2.6773063413744063,6.0
2025-11-04 19:00:00,4,2.6647657602265067,1.0
2025-11-04 20:00:00,1,2.6284081082010133,3.0
2025-11-04 21:00:00,1,1.0020107941684575,0.0
2025-11-05 11:00:00,0,0.7863818009493635,1.0
2025-11-05 12:00:00,2,1.897984184206523,2.0
2025-11-05 13:00:00,2,1.6780382603162678,4.0
2025-11-05 14:00:00,2,0.9237318168254869,0.0
2025-11-05 15:00:00,0,0.0,0.0
2025-11-05 16:00:00,0,0.0,0.0
2025-11-05 17:00:00,1,2.4033408684076267,0.0
2025-11-05 18:00:00,2,2.8021005538264596,2.0
2025-11-05 19:00:00,0,2.3289282297922744,4.0
2025-11-05 20:00:00,3,2.9529739654275513,1.0
2025-11-05 21:00:00,1,1.162291819078774,1.0
2025-11-06 11:00:00,1,1.5777199346557975,0.0
2025-11-06 12:00:00,0,1.895243560718702,2.0
2025-11-06 13:00:00,3,1.896835062186615,2.0
2025-11-06 14:00:00,1,0.9991222649129128,2.0
2025-11-06 15:00:00,0,0.0,0.0
2025-11-06 16:00:00,0,0.0,0.0
2025-11-06 17:00:00,0,2.588080771364724,1.0
2025-11-06 18:00:00,2,2.4383174705331108,2.0
2025-11-06 19:00:00,1,2.963192299648897,0.0
2025-11-06 20:00:00,0,2.713833451389758,3.0
2025-11-06 21:00:00,1,1.0545859040145902,1.0
2025-11-07 11:00:00,0,0.6824164465589675,1.0
2025-11-07 12:00:00,1,1.535038119062952,0.0
2025-11-07 13:00:00,0,1.677546608975577,3.0
2025-11-07 14:00:00,1,0.6724484837834165,1.0
2025-11-07 15:00:00,0,0.0,0.0
2025-11-07 16:00:00,0,0.0,0.0
2025-11-07 17:00:00,4,2.5611720270996905,0.0
2025-11-07 18:00:00,2,2.115430808170271,2.0
2025-11-07 19:00:00,5,2.845539507871087,1.0
2025-11-07 20:00:00,4,2.681035326030492,0.0
2025-11-07 21:00:00,2,1.8290170924547708,1.0
2025-11-08 11:00:00,1,1.2692151400164025,0.0
2025-11-08 12:00:00,4,1.8954441307402528,1.0
2025-11-08 13:00:00,5,1.8021274469849669,0.0
2025-11-08 14:00:00,0,0.872615894108331,1.0
2025-11-08 15:00:00,0,0.0,0.0
2025-11-08 16:00:00,0,0.0,0.0
2025-11-08 17:00:00,1,2.2611331923626463,4.0
2025-11-08 18:00:00,2,2.0981555868795962,2.0
2025-11-08 19:00:00,0,2.6066929726502894,5.0
2025-11-08 20:00:00,1,2.3035527030027994,4.0
2025-11-08 21:00:00,2,1.4680268131365923,2.0
2025-11-09 11:00:00,1,0.5016639040072186,1.0
2025-11-09 12:00:00,0,1.623611474528318,4.0
2025-11-09 13:00:00,3,1.9913575467761229,5.0
2025-11-09 14:00:00,1,0.3075363665038167,0.0
2025-11-09 15:00:00,0,0.0,0.0
2025-11-09 16:00:00,0,0.0,0.0
2025-11-09 17:00:00,3,2.918417457334,1.0
2025-11-09 18:00:00,4,2.5671961206889615,2.0
2025-11-09 19:00:00,1,3.018755955994836,0.0
2025-11-09 20:00:00,4,3.0461187686092313,1.0
2025-11-09 21:00:00,1,1.5424356502974148,2.0
2025-11-10 11:00:00,0,0.979479265588741,1.0
2025-11-10 12:00:00,2,2.081239714514612,0.0
2025-11-10 13:00:00,4,1.6588449716529352,3.0
2025-11-10 14:00:00,0,0.8981657175070283,1.0
2025-11-10 15:00:00,0,0.0,0.0
2025-11-10 16:00:00,0,0.0,0.0
2025-11-10 17:00:00,1,2.7431942252834447,3.0
2025-11-10 18:00:00,4,3.1522551620776365,4.0
2025-11-10 19:00:00,4,2.9477702325169797,1.0
2025-11-10 20:00:00,0,3.726838161904044,4.0
2025-11-10 21:00:00,4,1.6746194652385977,1.0
2025-11-11 11:00:00,0,0.9365079125300612,0.0
2025-11-11 12:00:00,3,1.830880079107989,2.0
2025-11-11 13:00:00,1,1.7766497075601755,4.0
2025-11-11 14:00:00,1,0.5245234721296311,0.0
2025-11-11 15:00:00,0,0.0,0.0
2025-11-11 16:00:00,0,0.0,0.0
2025-11-11 17:00:00,2,2.44759397368566,1.0
2025-11-11 18:00:00,2,3.0744236152330684,4.0
2025-11-11 19:00:00,4,3.2082867927373035,4.0
2025-11-11 20:00:00,2,2.8863025915329508,0.0
2025-11-11 21:00:00,2,1.0640993502018699,4.0
2025-11-12 11:00:00,0,1.0413522559094721,0.0
2025-11-12 12:00:00,1,1.7922627939633469,3.0
2025-11-12 13:00:00,1,1.6629036110407043,1.0
2025-11-12 14:00:00,1,0.6811131260304218,1.0
2025-11-12 15:00:00,0,0.0,0.0
2025-11-12 16:00:00,0,0.0,0.0
2025-11-12 17:00:00,2,2.506846232636365,2.0
2025-11-12 18:00:00,3,2.9820890768248614,2.0
2025-11-12 19:00:00,2,2.965995583160017,4.0
2025-11-12 20:00:00,1,3.0258073776382632,2.0
2025-11-12 21:00:00,2,0.9924932541987104,2.0
2025-11-13 11:00:00,0,1.3030232898090393,0.0
2025-11-13 12:00:00,4,1.9080443823571,1.0
2025-11-13 13:00:00,1,1.622901249501584,1.0
2025-11-13 14:00:00,2,0.5852472872687784,1.0
2025-11-13 15:00:00,0,0.0,0.0
2025-11-13 16:00:00,0,0.0,0.0
2025-11-13 17:00:00,2,2.3633868039837687,2.0
2025-11-13 18:00:00,3,2.9113171918878824,3.0
2025-11-13 19:00:00,3,2.8980139640607536,2.0
2025-11-13 20:00:00,4,2.9965658217852305,1.0
2025-11-13 21:00:00,1,1.470959287504979,2.0
2025-11-14 11:00:00,0,0.9423684847564792,0.0
2025-11-14 12:00:00,1,1.7018405511984676,4.0
2025-11-14 13:00:00,2,1.5981668999001344,1.0
2025-11-14 14:00:00,0,0.45777596071402354,2.0
2025-11-14 15:00:00,0,0.0,0.0
2025-11-14 16:00:00,0,0.0,0.0
2025-11-14 17:00:00,3,2.2104121379847315,2.0
2025-11-14 18:00:00,1,2.480502447953829,3.0
2025-11-14 19:00:00,1,2.4020043317554807,3.0
2025-11-14 20:00:00,0,2.6644040116430703,4.0
2025-11-14 21:00:00,0,1.2187335549747411,1.0
2025-11-15 11:00:00,3,1.2550958963243002,0.0
2025-11-15 12:00:00,1,1.8470177072354885,1.0
2025-11-15 13:00:00,1,1.7388188640545352,2.0
2025-11-15 14:00:00,2,0.3247584925744003,0.0
2025-11-15 15:00:00,0,0.0,0.0
2025-11-15 16:00:00,0,0.0,0.0
2025-11-15 17:00:00,1,2.3272123910277513,3.0
2025-11-15 18:00:00,3,2.4897264298185613,1.0
2025-11-15 19:00:00,1,2.711227554020938,1.0
2025-11-15 20:00:00,2,2.354811824524853,0.0
2025-11-15 21:00:00,0,0.9606155846010903,0.0
2025-11-16 11:00:00,0,0.9362476563886771,3.0
2025-11-16 12:00:00,2,2.0985686609667678,1.0
2025-11-16 13:00:00,3,1.856438020152549,1.0
2025-11-16 14:00:00,0,0.5601159800017713,2.0
2025-11-16 15:00:00,0,0.0,0.0
2025-11-16 16:00:00,0,0.0,0.0
2025-11-16 17:00:00,1,2.583922671713544,1.0
2025-11-16 18:00:00,2,2.3740764007192565,3.0
2025-11-16 19:00:00,4,2.8790011337948527,1.0
2025-11-16 20:00:00,2,2.3298506506866388,2.0
2025-11-16 21:00:00,2,1.17124014651174,0.0
2025-11-17 11:00:00,0,0.7231427352079056,0.0
2025-11-17 12:00:00,3,1.466751579038149,2.0
2025-11-17 13:00:00,2,1.4970628603008191,3.0
2025-11-17 14:00:00,2,0.787793978431918,0.0
2025-11-17 15:00:00,0,0.0,0.0
2025-11-17 16:00:00,0,0.0,0.0
2025-11-17 17:00:00,4,2.6558836591060246,1.0
2025-11-17 18:00:00,2,2.5676297419221985,2.0
2025-11-17 19:00:00,3,3.042164268695151,4.0
2025-11-17 20:00:00,2,3.4361218697624385,2.0
2025-11-17 21:00:00,0,0.8855152136510834,2.0
2025-11-18 11:00:00,0,1.1015246294196874,0.0
2025-11-18 12:00:00,3,1.5197034298170817,3.0
2025-11-18 13:00:00,1,1.5120643880798923,2.0
2025-11-18 14:00:00,2,0.4872186494228522,2.0
2025-11-18 15:00:00,0,0.0,0.0
2025-11-18 16:00:00,0,0.0,0.0
2025-11-18 17:00:00,1,2.6652841625028447,4.0
2025-11-18 18:00:00,1,2.55383198863121,2.0
2025-11-18 19:00:00,1,2.746302336455129,3.0
2025-11-18 20:00:00,2,3.1632730875057313,2.0
2025-11-18 21:00:00,1,1.1338685823209989,0.0
2025-11-19 11:00:00,1,1.1446709074895767,0.0
2025-11-19 12:00:00,3,1.6734637196171358,3.0
2025-11-19 13:00:00,2,1.5792362676307932,1.0
2025-11-19 14:00:00,0,0.8813618400682544,2.0
2025-11-19 15:00:00,0,0.0,0.0
2025-11-19 16:00:00,0,0.0,0.0
2025-11-19 17:00:00,4,2.123702828302263,1.0
2025-11-19 18:00:00,1,2.2076527310943415,1.0
2025-11-19 19:00:00,3,2.6713198801971294,1.0
2025-11-19 20:00:00,2,2.220598794728653,2.0
2025-11-19 21:00:00,1,1.5182274887265903,1.0
2025-11-20 11:00:00,1,1.133114295937691,1.0
2025-11-20 12:00:00,0,1.673977377597811,3.0
2025-11-20 13:00:00,3,1.4857439665560377,2.0
2025-11-20 14:00:00,2,0.9997312154497977,0.0
2025-11-20 15:00:00,0,0.0,0.0
2025-11-20 16:00:00,0,0.0,0.0
2025-11-20 17:00:00,3,2.5279366779036305,4.0
2025-11-20 18:00:00,4,2.39141284163953,1.0
2025-11-20 19:00:00,3,2.1675291264772167,3.0
2025-11-20 20:00:00,2,2.3441021085511484,2.0
2025-11-20 21:00:00,1,1.5065992206493737,1.0
2025-11-21 11:00:00,1,1.0637571692261092,1.0
2025-11-21 12:00:00,1,1.6626347542912492,0.0
2025-11-21 13:00:00,0,1.2564720876017157,3.0
2025-11-21 14:00:00,0,0.6798977884015298,2.0
2025-11-21 15:00:00,0,0.0,0.0
2025-11-21 16:00:00,0,0.0,0.0
2025-11-21 17:00:00,4,2.0172817195334,3.0
2025-11-21 18:00:00,1,1.9401003728986712,4.0
2025-11-21 19:00:00,0,2.3567612465871535,3.0
2025-11-21 20:00:00,1,2.623694540216434,2.0
2025-11-21 21:00:00,1,1.271043108325035,1.0
2025-11-22 11:00:00,1,0.8100881979322484,1.0
2025-11-22 12:00:00,5,1.6203303448391622,1.0
2025-11-22 13:00:00,1,1.6972166587206283,0.0
2025-11-22 14:00:00,0,0.8892303763003032,0.0
2025-11-22 15:00:00,0,0.0,0.0
2025-11-22 16:00:00,0,0.0,0.0
2025-11-22 17:00:00,5,2.2944975503468616,4.0
2025-11-22 18:00:00,2,2.1987114074441463,1.0
2025-11-22 19:00:00,3,2.9912630758389804,0.0
2025-11-22 20:00:00,6,2.4381461816635848,1.0
2025-11-22 21:00:00,1,1.8347147120433294,1.0
2025-11-23 11:00:00,2,1.265019608090274,1.0
2025-11-23 12:00:00,3,1.6696743961472802,5.0
2025-11-23 13:00:00,2,1.5856892677593297,1.0
2025-11-23 14:00:00,1,1.0043612258947945,0.0
2025-11-23 15:00:00,0,0.0,0.0
2025-11-23 16:00:00,0,0.0,0.0
2025-11-23 17:00:00,3,2.2464172493592027,5.0
2025-11-23 18:00:00,3,2.9231524808609537,2.0
2025-11-23 19:00:00,2,2.6778447047957634,3.0
2025-11-23 20:00:00,2,3.4557294410545034,6.0
2025-11-23 21:00:00,0,1.013209701815167,1.0
2025-11-24 11:00:00,0,1.4749992601330129,2.0
2025-11-24 12:00:00,3,1.5263365258235557,3.0
2025-11-24 13:00:00,3,1.6037887033079417,2.0
2025-11-24 14:00:00,0,1.0919527798912474,1.0
2025-11-24 15:00:00,0,0.0,0.0
2025-11-24 16:00:00,0,0.0,0.0
2025-11-24 17:00:00,1,2.275557329940397,3.0
2025-11-24 18:00:00,5,2.7981983024538755,3.0
2025-11-24 19:00:00,1,2.169081832510582,2.0
2025-11-24 20:00:00,1,2.773289560202155,2.0
2025-11-24 21:00:00,2,1.5839757934411829,0.0
2025-11-25 11:00:00,2,1.0694163043094809,0.0
2025-11-25 12:00:00,0,1.6763049817432847,3.0
2025-11-25 13:00:00,0,1.310171071975889,3.0
2025-11-25 14:00:00,2,0.9388855482591454,0.0
2025-11-25 15:00:00,0,0.0,0.0
2025-11-25 16:00:00,0,0.0,0.0
2025-11-25 17:00:00,2,2.740881989084977,1.0
2025-11-25 18:00:00,5,3.1915184994975188,5.0
2025-11-25 19:00:00,2,2.482164036006479,1.0
2025-11-25 20:00:00,3,2.982496985974111,1.0
2025-11-25 21:00:00,3,1.2714169142109306,2.0
2025-11-26 11:00:00,1,0.82422038155754,2.0
2025-11-26 12:00:00,5,1.7649164819527698,0.0
2025-11-26 13:00:00,2,2.0599451108706273,0.0
2025-11-26 14:00:00,1,1.0479661535770957,2.0
2025-11-26 15:00:00,0,0.0,0.0
2025-11-26 16:00:00,0,0.0,0.0
2025-11-26 17:00:00,2,1.7329530251811232,2.0
2025-11-26 18:00:00,1,2.8809586068965882,5.0
2025-11-26 19:00:00,4,2.0668532631515526,2.0
2025-11-26 20:00:00,2,2.6913060740204457,3.0
2025-11-26 21:00:00,2,0.8991996108630667,3.0
2025-11-27 11:00:00,0,0.762995568727285,1.0
2025-11-27 12:00:00,1,1.6828142597562288,5.0
2025-11-27 13:00:00,0,1.2448754062719258,2.0
2025-11-27 14:00:00,2,1.0720028449306997,1.0
2025-11-27 15:00:00,0,0.0,0.0
2025-11-27 16:00:00,0,0.0,0.0
2025-11-27 17:00:00,1,2.0566212936098562,2.0
2025-11-27 18:00:00,1,2.263243935410291,1.0
2025-11-27 19:00:00,1,2.2050713181461687,4.0
2025-11-27 20:00:00,1,2.9013650950550582,2.0
2025-11-27 21:00:00,0,0.872803439207851,2.0
2025-11-28 11:00:00,0,1.1312402544351075,0.0
2025-11-28 12:00:00,0,1.9877132030826647,1.0
2025-11-28 13:00:00,1,2.4501793768462505,0.0
2025-11-28 14:00:00,1,0.8095568889486847,2.0
2025-11-28 15:00:00,0,0.0,0.0
2025-11-28 16:00:00,0,0.0,0.0
2025-11-28 17:00:00,2,2.4214278811201373,1.0
2025-11-28 18:00:00,6,2.758222465116042,1.0
2025-11-28 19:00:00,2,2.0255215636369504,1.0
2025-11-28 20:00:00,3,2.6761121067550953,1.0
2025-11-28 21:00:00,2,1.6105675134568538,0.0
2025-11-29 11:00:00,1,0.7268922429909271,0.0
2025-11-29 12:00:00,5,1.7730002952155894,0.0
2025-11-29 13:00:00,3,1.7748712602528436,1.0
2025-11-29 14:00:00,1,0.7042224962626178,1.0
2025-11-29 15:00:00,0,0.0,0.0
2025-11-29 16:00:00,0,0.0,0.0
2025-11-29 17:00:00,3,1.6094377495789292,2.0
2025-11-29 18:00:00,3,2.4999564770150173,6.0
2025-11-29 19:00:00,5,2.5816312786821483,2.0
2025-11-29 20:00:00,3,1.8949531565656563,3.0
2025-11-29 21:00:00,2,1.1595026012634708,2.0
2025-11-30 11:00:00,0,0.9675999668435012,1.0
2025-11-30 12:00:00,1,1.5895604746348488,5.0
2025-11-30 13:00:00,3,1.3837592875713494,3.0
2025-11-30 14:00:00,2,0.6292575997488923,1.0
2025-11-30 15:00:00,0,0.0,0.0
2025-11-30 16:00:00,0,0.0,0.0
2025-11-30 17:00:00,1,2.824356552977613,3.0
2025-11-30 18:00:00,3,2.764486332804662,3.0
2025-11-30 19:00:00,3,3.1032289840875777,5.0
2025-11-30 20:00:00,1,3.2119457094199175,3.0
2025-11-30 21:00:00,2,1.3719732628482628,2.0
2025-12-01 11:00:00,2,0.3062142881497934,0.0
2025-12-01 12:00:00,1,1.5106283604001436,1.0
2025-12-01 13:00:00,2,1.6026330065205336,3.0
2025-12-01 14:00:00,0,0.8609163000921157,2.0
2025-12-01 15:00:00,0,0.0,0.0
2025-12-01 16:00:00,0,0.0,0.0
2025-12-01 17:00:00,4,2.469591299990088,1.0
2025-12-01 18:00:00,1,2.633033491410909,3.0
2025-12-01 19:00:00,3,2.682927965048656,3.0
2025-12-01 20:00:00,5,2.334450773164851,1.0
2025-12-01 21:00:00,3,2.2723333333333335,2.0
2025-12-02 11:00:00,1,0.5107864186383877,2.0
2025-12-02 12:00:00,2,1.9425189561839298,1.0
2025-12-02 13:00:00,0,1.6647179204451645,2.0
2025-12-02 14:00:00,1,1.6281571849459895,0.0
2025-12-02 15:00:00,0,0.0,0.0
2025-12-02 16:00:00,0,0.0,0.0
2025-12-02 17:00:00,5,2.3427980741521015,4.0
2025-12-02 18:00:00,3,2.806959683130221,1.0
2025-12-02 19:00:00,2,2.283056065457467,3.0
2025-12-02 20:00:00,2,2.8453758086400187,5.0
2025-12-02 21:00:00,2,1.3674422187065125,3.0
2025-12-03 11:00:00,1,0.7449793120066448,1.0
2025-12-03 12:00:00,0,1.8822077338052865,2.0
2025-12-03 13:00:00,0,1.9939873242179156,0.0
2025-12-03 14:00:00,1,1.325576648287065,1.0
2025-12-03 15:00:00,0,0.0,0.0
2025-12-03 16:00:00,0,0.0,0.0
2025-12-03 17:00:00,7,2.603851820061558,5.0
2025-12-03 18:00:00,3,2.552318517596382,3.0
2025-12-03 19:00:00,2,2.6590383710931293,2.0
2025-12-03 20:00:00,7,1.8282221659056392,2.0
2025-12-03 21:00:00,0,2.069888480485032,2.0
2025-12-04 11:00:00,1,0.688523065701165,1.0
2025-12-04 12:00:00,3,1.9329319432666923,0.0
2025-12-04 13:00:00,4,1.7107858524107706,0.0
2025-12-04 14:00:00,1,1.3455365942240942,1.0
2025-12-04 15:00:00,0,0.0,0.0
2025-12-04 16:00:00,0,0.0,0.0
2025-12-04 17:00:00,3,2.8644331374611416,7.0
2025-12-04 18:00:00,2,2.2779658110239027,3.0
2025-12-04 19:00:00,2,2.287710184196962,2.0
2025-12-04 20:00:00,1,2.816968055945461,7.0
2025-12-04 21:00:00,3,1.4422960842921393,0.0
2025-12-05 11:00:00,1,0.6634084212255824,1.0
2025-12-05 12:00:00,1,1.8293445157566355,3.0
2025-12-05 13:00:00,0,1.5339410727772005,4.0
2025-12-05 14:00:00,0,0.9082144349144683,1.0
2025-12-05 15:00:00,0,0.0,0.0
2025-12-05 16:00:00,0,0.0,0.0
2025-12-05 17:00:00,1,1.9398680933496564,3.0
2025-12-05 18:00:00,1,2.835767747222009,2.0
2025-12-05 19:00:00,1,2.548024109083377,2.0
2025-12-05 20:00:00,3,2.435392177770228,1.0
2025-12-05 21:00:00,1,0.9326833214445029,3.0
2025-12-06 11:00:00,2,0.7149163148445755,1.0
2025-12-06 12:00:00,0,1.6727806271208585,1.0
2025-12-06 13:00:00,0,1.892545705248684,0.0
2025-12-06 14:00:00,1,0.4988479965163692,0.0
2025-12-06 15:00:00,0,0.0,0.0
2025-12-06 16:00:00,0,0.0,0.0
2025-12-06 17:00:00,4,3.0900910531260184,1.0
2025-12-06 18:00:00,0,2.7664308204482557,1.0
2025-12-06 19:00:00,3,2.826995924028958,1.0
2025-12-06 20:00:00,2,2.6111947160577427,3.0
2025-12-06 21:00:00,2,0.9925110272575506,1.0
2025-12-07 11:00:00,0,0.6772856769489785,2.0
2025-12-07 12:00:00,2,1.7460920065835766,0.0
2025-12-07 13:00:00,3,1.5161550818228824,0.0
2025-12-07 14:00:00,0,0.5207101988784575,1.0
2025-12-07 15:00:00,0,0.0,0.0
2025-12-07 16:00:00,0,0.0,0.0
2025-12-07 17:00:00,3,2.4400466939905554,4.0
2025-12-07 18:00:00,1,3.157508683564412,0.0
2025-12-07 19:00:00,2,3.4211184842264517,3.0
2025-12-07 20:00:00,3,2.882104813243623,2.0
2025-12-07 21:00:00,1,1.441498469371765,2.0
2025-12-08 11:00:00,1,1.496789456727667,0.0
2025-12-08 12:00:00,4,1.7501807526390207,2.0
2025-12-08 13:00:00,2,2.302707765424374,3.0
2025-12-08 14:00:00,0,0.7371828500340978,0.0
2025-12-08 15:00:00,0,0.0,0.0
2025-12-08 16:00:00,0,0.0,0.0
2025-12-08 17:00:00,1,2.566009387185789,3.0
2025-12-08 18:00:00,3,2.7635760517249133,1.0
2025-12-08 19:00:00,1,2.721685214859192,2.0
2025-12-08 20:00:00,2,2.8550158465525772,3.0
2025-12-08 21:00:00,1,1.3829726873124755,1.0
2025-12-09 11:00:00,0,0.6327836143861078,1.0
2025-12-09 12:00:00,2,1.8009554101591303,4.0
2025-12-09 13:00:00,4,1.7237182571808642,2.0
2025-12-09 14:00:00,3,0.7275921387818174,0.0
2025-12-09 15:00:00,0,0.0,0.0
2025-12-09 16:00:00,0,0.0,0.0
2025-12-09 17:00:00,0,2.714331072688714,1.0
2025-12-09 18:00:00,1,2.4784219910804395,3.0
2025-12-09 19:00:00,0,2.727060897549263,1.0
2025-12-09 20:00:00,7,2.132663874928703,2.0
2025-12-09 21:00:00,2,2.0733710898735236,1.0
2025-12-10 11:00:00,1,1.0144651472458894,0.0
2025-12-10 12:00:00,2,1.7741740979488634,2.0
2025-12-10 13:00:00,2,1.8053752739874318,4.0
2025-12-10 14:00:00,1,0.5699400773852336,3.0
2025-12-10 15:00:00,0,0.0,0.0
2025-12-10 16:00:00,0,0.0,0.0
2025-12-10 17:00:00,0,3.284259862347725,0.0
2025-12-10 18:00:00,5,3.085348656428643,1.0
2025-12-10 19:00:00,3,3.1319264083312515,0.0
2025-12-10 20:00:00,1,2.026947195026172,7.0
2025-12-10 21:00:00,1,1.781370170163836,2.0
2025-12-11 11:00:00,1,0.35161944900948006,1.0
2025-12-11 12:00:00,1,1.7559661078992936,2.0
2025-12-11 13:00:00,1,1.5578554407433458,2.0
2025-12-11 14:00:00,1,0.4137738522085016,1.0
2025-12-11 15:00:00,0,0.0,0.0
2025-12-11 16:00:00,0,0.0,0.0
2025-12-11 17:00:00,2,2.4521814221303386,0.0
2025-12-11 18:00:00,2,2.718183183595583,5.0
2025-12-11 19:00:00,3,2.6359261891220815,3.0
2025-12-11 20:00:00,0,2.8173969998142807,1.0
2025-12-11 21:00:00,2,0.9316313513798902,1.0
2025-12-12 11:00:00,2,0.5683015932225279,1.0
2025-12-12 12:00:00,4,1.6132139981981148,1.0
2025-12-12 13:00:00,4,1.6171946174734741,1.0
2025-12-12 14:00:00,1,0.6619306802775644,1.0
2025-12-12 15:00:00,0,0.0,0.0
2025-12-12 16:00:00,0,0.0,0.0
2025-12-12 17:00:00,2,2.2279795439935475,2.0
2025-12-12 18:00:00,2,2.6731725419659664,2.0
2025-12-12 19:00:00,1,2.8373844920053233,3.0
2025-12-12 20:00:00,2,3.0321384338371513,0.0
2025-12-12 21:00:00,0,1.088310557118019,2.0
2025-12-13 11:00:00,0,0.5793399665601274,2.0
2025-12-13 12:00:00,5,1.6887498710534874,4.0
2025-12-13 13:00:00,1,1.4285961912641216,4.0
2025-12-13 14:00:00,0,0.3089581874287267,1.0
2025-12-13 15:00:00,0,0.0,0.0
2025-12-13 16:00:00,0,0.0,0.0
2025-12-13 17:00:00,0,2.1247504947188256,2.0
2025-12-13 18:00:00,3,2.6744376018636316,2.0
2025-12-13 19:00:00,1,3.1012478643436454,1.0
2025-12-13 20:00:00,1,2.6260852270038395,2.0
2025-12-13 21:00:00,1,0.7318344502076696,0.0
2025-12-14 11:00:00,0,1.7194879226436746,0.0
2025-12-14 12:00:00,2,1.7957467123568644,5.0
2025-12-14 13:00:00,1,1.7737265383077787,1.0
2025-12-14 14:00:00,1,0.29162857381635654,0.0
2025-12-14 15:00:00,0,0.0,0.0
2025-12-14 16:00:00,0,0.0,0.0
2025-12-14 17:00:00,3,2.701987923592134,0.0
2025-12-14 18:00:00,1,2.532642901069668,3.0
2025-12-14 19:00:00,0,2.792144868142432,1.0
2025-12-14 20:00:00,3,2.8652495246557432,1.0
2025-12-14 21:00:00,2,1.2950388501585743,1.0
2025-12-15 11:00:00,0,1.1877798041280536,0.0
2025-12-15 12:00:00,5,1.6114424488564734,2.0
2025-12-15 13:00:00,2,1.6828609332513662,1.0
2025-12-15 14:00:00,2,0.5584941345183413,1.0
2025-12-15 15:00:00,0,0.0,0.0
2025-12-15 16:00:00,0,0.0,0.0
2025-12-15 17:00:00,2,2.870031094410392,3.0
2025-12-15 18:00:00,4,2.9235171484783553,1.0
2025-12-15 19:00:00,4,3.0603539669570456,0.0
2025-12-15 20:00:00,2,3.5465515294489722,3.0
2025-12-15 21:00:00,3,1.307409850002302,2.0
2025-12-16 11:00:00,1,1.1413002910025052,0.0
2025-12-16 12:00:00,0,1.5699248270596673,5.0
2025-12-16 13:00:00,0,1.4492439191470188,2.0
2025-12-16 14:00:00,0,0.8345970463197557,2.0
2025-12-16 15:00:00,0,0.0,0.0
2025-12-16 16:00:00,0,0.0,0.0
2025-12-16 17:00:00,2,2.8472608686368432,2.0
2025-12-16 18:00:00,4,3.3738278184356445,4.0
2025-12-16 19:00:00,6,3.1867874937888496,4.0
2025-12-16 20:00:00,2,2.724904881575489,2.0
2025-12-16 21:00:00,0,1.451987215538919,3.0
2025-12-17 11:00:00,1,0.8019579273026539,1.0
2025-12-17 12:00:00,2,1.5899937139493303,0.0
2025-12-17 13:00:00,1,1.7102006016299176,0.0
2025-12-17 14:00:00,1,0.6330901740829806,0.0
2025-12-17 15:00:00,0,0.0,0.0
2025-12-17 16:00:00,0,0.0,0.0
2025-12-17 17:00:00,2,1.891332206399118,2.0
2025-12-17 18:00:00,1,2.1891174996181353,4.0
2025-12-17 19:00:00,3,2.7124737472504314,6.0
2025-12-17 20:00:00,5,2.2394519653496383,2.0
2025-12-17 21:00:00,2,1.746607476450681,0.0
2025-12-18 11:00:00,1,0.9406309989537007,1.0
2025-12-18 12:00:00,2,1.5960887659304506,2.0
2025-12-18 13:00:00,2,1.4754693410727513,1.0
2025-12-18 14:00:00,0,0.4121052525413291,1.0
2025-12-18 15:00:00,0,0.0,0.0
2025-12-18 16:00:00,0,0.0,0.0
2025-12-18 17:00:00,4,2.031329719787516,2.0
2025-12-18 18:00:00,2,2.1554223128434007,1.0
2025-12-18 19:00:00,1,2.54866208294319,3.0
2025-12-18 20:00:00,0,2.8353762368215674,5.0
2025-12-18 21:00:00,1,0.8139846450275189,2.0
2025-12-19 11:00:00,0,0.701076573153518,1.0
2025-12-19 12:00:00,4,1.928842808933859,2.0
2025-12-19 13:00:00,1,1.5623713069036134,2.0
2025-12-19 14:00:00,1,1.3088789894420143,0.0
2025-12-19 15:00:00,0,0.0,0.0
2025-12-19 16:00:00,0,0.0,0.0
2025-12-19 17:00:00,0,2.089706058012148,4.0
2025-12-19 18:00:00,2,2.2204452640312082,2.0
2025-12-19 19:00:00,1,2.587654826920959,1.0
2025-12-19 20:00:00,2,2.4071146468850704,0.0
2025-12-19 21:00:00,3,1.3919081237703446,1.0
2025-12-20 11:00:00,1,1.2226407306123748,0.0
2025-12-20 12:00:00,1,1.6467703034205057,4.0
2025-12-20 13:00:00,2,1.9079389158926339,1.0
2025-12-20 14:00:00,0,1.0587740724523538,1.0
2025-12-20 15:00:00,0,0.0,0.0
2025-12-20 16:00:00,0,0.0,0.0
2025-12-20 17:00:00,2,2.2707796241562694,0.0
2025-12-20 18:00:00,4,2.1150123417604365,2.0
2025-12-20 19:00:00,2,2.276640928818532,1.0
2025-12-20 20:00:00,2,2.186903183965131,2.0
2025-12-20 21:00:00,0,1.0003808466510997,3.0
2025-12-21 11:00:00,1,0.8874623088145585,1.0
2025-12-21 12:00:00,1,1.4257877024718468,1.0
2025-12-21 13:00:00,2,1.3575732270781973,2.0
2025-12-21 14:00:00,0,1.0322008623184507,0.0
2025-12-21 15:00:00,0,0.0,0.0
2025-12-21 16:00:00,0,0.0,0.0
2025-12-21 17:00:00,1,2.161115770570163,2.0
2025-12-21 18:00:00,2,2.3372691027831554,4.0
2025-12-21 19:00:00,0,3.039377286077673,2.0
2025-12-21 20:00:00,0,2.346268188838623,2.0
2025-12-21 21:00:00,0,1.1367882710876505,0.0
2025-12-22 11:00:00,1,0.7273662430387899,1.0
2025-12-22 12:00:00,2,2.4560918162001832,1.0
2025-12-22 13:00:00,0,2.353560475477582,2.0
2025-12-22 14:00:00,1,0.7673675645228952,0.0
2025-12-22 15:00:00,0,0.0,0.0
2025-12-22 16:00:00,0,0.0,0.0
2025-12-22 17:00:00,0,2.8189521222870235,1.0
2025-12-22 18:00:00,2,2.484870353151059,2.0
2025-12-22 19:00:00,0,2.7400993742167903,0.0
2025-12-22 20:00:00,4,2.9449460897676443,0.0
2025-12-22 21:00:00,1,1.1999904002366382,0.0
2025-12-23 11:00:00,2,0.8080319324360297,1.0
2025-12-23 12:00:00,1,1.7403521306806868,2.0
2025-12-23 13:00:00,2,1.476680177808428,0.0
2025-12-23 14:00:00,0,1.0865495196031894,1.0
2025-12-23 15:00:00,0,0.0,0.0
2025-12-23 16:00:00,0,0.0,0.0
2025-12-23 17:00:00,1,2.5356869632853103,0.0
2025-12-23 18:00:00,1,2.3656346505297594,2.0
2025-12-23 19:00:00,1,2.9910953747718882,0.0
2025-12-23 20:00:00,9,3.2131099108044507,4.0
2025-12-23 21:00:00,0,1.6949641643331324,1.0
2025-12-24 11:00:00,2,1.2291149317828935,2.0
2025-12-24 12:00:00,1,1.9695356160371003,1.0
2025-12-24 13:00:00,1,1.452119579577445,2.0
2025-12-24 14:00:00,1,0.9748347066366311,0.0
2025-12-24 15:00:00,0,0.0,0.0
2025-12-24 16:00:00,0,0.0,0.0
2025-12-24 17:00:00,2,2.684810216187413,1.0
2025-12-24 18:00:00,2,2.6848905064214743,1.0
2025-12-24 19:00:00,0,2.791410339847843,1.0
2025-12-24 20:00:00,2,2.474349680310086,9.0
2025-12-24 21:00:00,2,1.2585643576764332,0.0
2025-12-25 11:00:00,1,0.8031952467314024,2.0
2025-12-25 12:00:00,1,1.5092210237898467,1.0
2025-12-25 13:00:00,4,1.4332095863877792,1.0
2025-12-25 14:00:00,2,0.9548381301564209,1.0
2025-12-25 15:00:00,0,0.0,0.0
2025-12-25 16:00:00,0,0.0,0.0
2025-12-25 17:00:00,2,2.2491313040654988,2.0
2025-12-25 18:00:00,3,2.693614231204199,2.0
2025-12-25 19:00:00,4,3.051582885464321,0.0
2025-12-25 20:00:00,1,2.545031710815276,2.0
2025-12-25 21:00:00,1,0.9162431580853597,2.0
2025-12-26 11:00:00,0,1.2016355215234986,1.0
2025-12-26 12:00:00,0,1.5808017919402833,1.0
2025-12-26 13:00:00,2,1.1729741128851336,4.0
2025-12-26 14:00:00,0,1.0959558875521687,2.0
2025-12-26 15:00:00,0,0.0,0.0
2025-12-26 16:00:00,0,0.0,0.0
2025-12-26 17:00:00,2,2.531404578677992,2.0
2025-12-26 18:00:00,2,2.5245275861911405,3.0
2025-12-26 19:00:00,1,2.833394133383932,4.0
2025-12-26 20:00:00,6,2.924465173972067,1.0
2025-12-26 21:00:00,2,1.2770669649635165,1.0
2025-12-27 11:00:00,0,1.2500103821380348,0.0
2025-12-27 12:00:00,1,1.957243605539022,0.0
2025-12-27 13:00:00,3,1.1076965297046169,2.0
2025-12-27 14:00:00,0,0.8800311410870126,0.0
2025-12-27 15:00:00,0,0.0,0.0
2025-12-27 16:00:00,0,0.0,0.0
2025-12-27 17:00:00,5,2.63805194808909,2.0
2025-12-27 18:00:00,2,1.9265770797732986,2.0
2025-12-27 19:00:00,2,2.6967862809025935,1.0
2025-12-27 20:00:00,4,2.9791689611023178,6.0
2025-12-27 21:00:00,0,1.182617701264253,2.0
2025-12-28 11:00:00,0,0.8448777994429518,0.0
2025-12-28 12:00:00,3,1.8755454071663318,1.0
2025-12-28 13:00:00,3,1.5942769889702566,3.0
2025-12-28 14:00:00,1,0.72771899625815,0.0
2025-12-28 15:00:00,0,0.0,0.0
2025-12-28 16:00:00,0,0.0,0.0
2025-12-28 17:00:00,3,2.5664980449616674,5.0
2025-12-28 18:00:00,2,2.807875325596817,2.0
2025-12-28 19:00:00,5,2.698379499732714,2.0
2025-12-28 20:00:00,2,2.266179940696505,4.0
2025-12-28 21:00:00,0,2.1611337535014004,0.0
2025-12-29 11:00:00,0,0.688107142857143,0.0
2025-12-29 12:00:00,0,1.286929085501094,3.0
2025-12-29 13:00:00,0,0.9559094036343544,3.0
2025-12-29 14:00:00,1,0.9363742608240638,1.0
2025-12-29 15:00:00,0,0.0,0.0
2025-12-29 16:00:00,0,0.0,0.0
2025-12-29 17:00:00,2,2.578160202305211,3.0
2025-12-29 18:00:00,2,2.671918243318217,2.0
2025-12-29 19:00:00,3,3.7663627420363777,5.0
2025-12-29 20:00:00,2,3.003420571153747,2.0
2025-12-29 21:00:00,1,0.9097598463627874,0.0
2025-12-30 11:00:00,0,0.7614682539682539,0.0
2025-12-30 12:00:00,0,1.5234541724798243,0.0
2025-12-30 13:00:00,0,1.3685241901910468,0.0
2025-12-30 14:00:00,0,0.5820847869450811,1.0
2025-12-30 15:00:00,0,0.0,0.0
2025-12-30 16:00:00,0,0.0,0.0
2025-12-30 17:00:00,3,2.2761757467615054,2.0
2025-12-30 18:00:00,5,2.3459529755358615,2.0
2025-12-30 19:00:00,3,2.3510364158105386,3.0
2025-12-30 20:00:00,2,2.486127595421915,2.0
2025-12-30 21:00:00,3,1.093861222111222,1.0
2025-12-31 11:00:00,0,0.406312447786132,0.0
2025-12-31 12:00:00,1,2.3301365574950346,0.0
2025-12-31 13:00:00,0,2.616376166111091,0.0
2025-12-31 14:00:00,1,1.288962720463839,0.0
2025-12-31 15:00:00,0,0.0,0.0
2025-12-31 16:00:00,0,0.0,0.0
2025-12-31 17:00:00,0,2.748107932638295,3.0
2025-12-31 18:00:00,3,2.859456842010295,5.0
2025-12-31 19:00:00,2,2.593633650230056,3.0
2025-12-31 20:00:00,5,2.4342884975889394,2.0
