ingredient,units_received,units_used,units_wasted,waste_cost,used_cost,waste_rate
Tuna,5391.66,4365.11,275.28,2064.6,32738.325,0.059322600040082836
Salmon,5512.71,4362.13,290.82,1817.625,27263.3125,0.06250228349756606
Chicken,5472.22,4341.33,304.68,1294.89,18450.6525,0.06557885153066825
Cream Cheese,5379.09,4350.86,297.57,1115.8875,16315.725,0.06401516210849685
Wasabi,5529.97,4442.61,299.8,1049.3,15549.135,0.06321680327091078
Edamame,5466.37,4423.62,291.21,815.3879999999999,12386.135999999999,0.06176468716793606
Avocado,5540.45,4413.23,289.42,636.724,9709.106,0.06154402305083305
Tempura Batter,5436.22,4343.75,290.65,581.3,8687.5,0.06271577766269636
Rice,5361.55,4323.14,299.7,539.46,7781.652,0.0648302774917583
Cucumber,5386.59,4295.57,297.49,416.486,6013.798,0.0647694565278921
Ginger,5407.85,4342.31,312.44,406.172,5645.003,0.06712283151619314
Soy Sauce,5448.33,4353.8,276.97,304.66700000000003,4789.18,0.05981078740684594
Nori,5411.49,4340.3,288.54,129.84300000000002,1953.135,0.06233527190397595
