menu_item,units_sold,revenue,estimated_profit
Spicy Tuna Roll,1504,16544.0,11881.599999999997
California Roll,1425,12112.5,8977.500000000002
Salmon Nigiri,1243,11187.0,7458.0
Salmon Roll,1092,11466.0,8299.200000000003
Tuna Nigiri,952,9520.0,6283.200000000001
Edamame,940,5640.0,4417.999999999998
Miso Soup,859,3436.0,2748.7999999999997
Gyoza,812,6496.0,4303.6
Yellowtail Nigiri,720,7920.0,5256.000000000001
Dragon Roll,687,10305.0,6732.599999999999
Chicken Teriyaki,488,7808.0,4977.5999999999985
Tempura Udon,451,6314.0,4059.0
Sashimi Platter,338,8112.0,4563.0
Matcha Cheesecake,298,2086.0,1460.2000000000003
Hamachi Kama,218,3924.0,2354.4
